[
    {
        "name": "0 days without (Lenny, Simpsons)",
        "file": "0_days_without_(Lenny,_Simpsons).jpg",
        "top_text_position": [
            30,
            50
        ],
        "bottom_text_position": [
            30,
            450
        ]
    },
    {
        "name": "AJ Styles & Undertaker",
        "file": "AJ_Styles_&_Undertaker.jpg",
        "top_text_position": [
            30,
            50
        ],
        "bottom_text_position": [
            30,
            450
        ]
    },
    {
        "name": "All My Homies Hate",
        "file": "All_My_Homies_Hate.jpg",
        "top_text_position": [
            30,
            50
        ],
        "bottom_text_position": [
            30,
            450
        ]
    },
    {
        "name": "Always Has Been",
        "file": "Always_Has_Been.jpg",
        "top_text_position": [
            30,
            50
        ],
        "bottom_text_position": [
            30,
            450
        ]
    },
    {
        "name": "American Chopper Argument",
        "file": "American_Chopper_Argument.jpg",
        "top_text_position": [
            30,
            50
        ],
        "bottom_text_position": [
            30,
            450
        ]
    },
    {
        "name": "Anakin Padme 4 Panel",
        "file": "Anakin_Padme_4_Panel.jpg",
        "top_text_position": [
            30,
            50
        ],
        "bottom_text_position": [
            30,
            450
        ]
    },
    {
        "name": "Ancient Aliens",
        "file": "Ancient_Aliens.jpg",
        "top_text_position": [
            30,
            50
        ],
        "bottom_text_position": [
            30,
            450
        ]
    },
    {
        "name": "Anime Girl Hiding from Terminator",
        "file": "Anime_Girl_Hiding_from_Terminator.jpg",
        "top_text_position": [
            30,
            50
        ],
        "bottom_text_position": [
            30,
            450
        ]
    },
    {
        "name": "A train hitting a school bus",
        "file": "A_train_hitting_a_school_bus.jpg",
        "top_text_position": [
            30,
            50
        ],
        "bottom_text_position": [
            30,
            450
        ]
    },
    {
        "name": "Batman Slapping Robin",
        "file": "Batman_Slapping_Robin.jpg",
        "top_text_position": [
            30,
            50
        ],
        "bottom_text_position": [
            30,
            450
        ]
    },
    {
        "name": "Bell Curve",
        "file": "Bell_Curve.jpg",
        "top_text_position": [
            30,
            50
        ],
        "bottom_text_position": [
            30,
            450
        ]
    },
    {
        "name": "Bernie I Am Once Again Asking For Your Support",
        "file": "Bernie_I_Am_Once_Again_Asking_For_Your_Support.jpg",
        "top_text_position": [
            30,
            50
        ],
        "bottom_text_position": [
            30,
            450
        ]
    },
    {
        "name": "Bernie Sanders Once Again Asking",
        "file": "Bernie_Sanders_Once_Again_Asking.jpg",
        "top_text_position": [
            30,
            50
        ],
        "bottom_text_position": [
            30,
            450
        ]
    },
    {
        "name": "Bike Fall",
        "file": "Bike_Fall.jpg",
        "top_text_position": [
            30,
            50
        ],
        "bottom_text_position": [
            30,
            450
        ]
    },
    {
        "name": "Blank Nut Button",
        "file": "Blank_Nut_Button.jpg",
        "top_text_position": [
            30,
            50
        ],
        "bottom_text_position": [
            30,
            450
        ]
    },
    {
        "name": "Boardroom Meeting Suggestion",
        "file": "Boardroom_Meeting_Suggestion.jpg",
        "top_text_position": [
            30,
            50
        ],
        "bottom_text_position": [
            30,
            450
        ]
    },
    {
        "name": "Buff Doge vs",
        "file": "Buff_Doge_vs._Cheems.jpg",
        "top_text_position": [
            30,
            50
        ],
        "bottom_text_position": [
            30,
            450
        ]
    },
    {
        "name": "c'mon do something",
        "file": "c'mon_do_something.jpg",
        "top_text_position": [
            30,
            50
        ],
        "bottom_text_position": [
            30,
            450
        ]
    },
    {
        "name": "Change My Mind",
        "file": "Change_My_Mind.jpg",
        "top_text_position": [
            30,
            50
        ],
        "bottom_text_position": [
            30,
            450
        ]
    },
    {
        "name": "Charlie Conspiracy (Always Sunny in Philidelphia)",
        "file": "Charlie_Conspiracy_(Always_Sunny_in_Philidelphia).jpg",
        "top_text_position": [
            30,
            50
        ],
        "bottom_text_position": [
            30,
            450
        ]
    },
    {
        "name": "Chill guy",
        "file": "Chill_guy.jpg",
        "top_text_position": [
            30,
            50
        ],
        "bottom_text_position": [
            30,
            450
        ]
    },
    {
        "name": "Clown Applying Makeup",
        "file": "Clown_Applying_Makeup.jpg",
        "top_text_position": [
            30,
            50
        ],
        "bottom_text_position": [
            30,
            450
        ]
    },
    {
        "name": "Disappointed Black Guy",
        "file": "Disappointed_Black_Guy.jpg",
        "top_text_position": [
            30,
            50
        ],
        "bottom_text_position": [
            30,
            450
        ]
    },
    {
        "name": "Disaster Girl",
        "file": "Disaster_Girl.jpg",
        "top_text_position": [
            30,
            50
        ],
        "bottom_text_position": [
            30,
            450
        ]
    },
    {
        "name": "Distracted Boyfriend",
        "file": "Distracted_Boyfriend.jpg",
        "top_text_position": [
            30,
            50
        ],
        "bottom_text_position": [
            30,
            450
        ]
    },
    {
        "name": "Domino Effect",
        "file": "Domino_Effect.jpg",
        "top_text_position": [
            30,
            50
        ],
        "bottom_text_position": [
            30,
            450
        ]
    },
    {
        "name": "Drake Blank",
        "file": "Drake_Blank.jpg",
        "top_text_position": [
            30,
            50
        ],
        "bottom_text_position": [
            30,
            450
        ]
    },
    {
        "name": "Drake Hotline Bling",
        "file": "Drake_Hotline_Bling.jpg",
        "top_text_position": [
            30,
            50
        ],
        "bottom_text_position": [
            30,
            450
        ]
    },
    {
        "name": "Epic Handshake",
        "file": "Epic_Handshake.jpg",
        "top_text_position": [
            30,
            50
        ],
        "bottom_text_position": [
            30,
            450
        ]
    },
    {
        "name": "Evil Kermit",
        "file": "Evil_Kermit.jpg",
        "top_text_position": [
            30,
            50
        ],
        "bottom_text_position": [
            30,
            450
        ]
    },
    {
        "name": "Expanding Brain",
        "file": "Expanding_Brain.jpg",
        "top_text_position": [
            30,
            50
        ],
        "bottom_text_position": [
            30,
            450
        ]
    },
    {
        "name": "Finding Neverland",
        "file": "Finding_Neverland.jpg",
        "top_text_position": [
            30,
            50
        ],
        "bottom_text_position": [
            30,
            450
        ]
    },
    {
        "name": "Flex Tape",
        "file": "Flex_Tape.jpg",
        "top_text_position": [
            30,
            50
        ],
        "bottom_text_position": [
            30,
            450
        ]
    },
    {
        "name": "Friendship ended",
        "file": "Friendship_ended.jpg",
        "top_text_position": [
            30,
            50
        ],
        "bottom_text_position": [
            30,
            450
        ]
    },
    {
        "name": "Futurama Fry",
        "file": "Futurama_Fry.jpg",
        "top_text_position": [
            30,
            50
        ],
        "bottom_text_position": [
            30,
            450
        ]
    },
    {
        "name": "Goose Chase",
        "file": "Goose_Chase.jpg",
        "top_text_position": [
            30,
            50
        ],
        "bottom_text_position": [
            30,
            450
        ]
    },
    {
        "name": "Grandma Finds The Internet",
        "file": "Grandma_Finds_The_Internet.jpg",
        "top_text_position": [
            30,
            50
        ],
        "bottom_text_position": [
            30,
            450
        ]
    },
    {
        "name": "Grant Gustin over grave",
        "file": "Grant_Gustin_over_grave.jpg",
        "top_text_position": [
            30,
            50
        ],
        "bottom_text_position": [
            30,
            450
        ]
    },
    {
        "name": "Gru's Plan",
        "file": "Gru's_Plan.jpg",
        "top_text_position": [
            30,
            50
        ],
        "bottom_text_position": [
            30,
            450
        ]
    },
    {
        "name": "Gus Fring we are not the same",
        "file": "Gus_Fring_we_are_not_the_same.jpg",
        "top_text_position": [
            30,
            50
        ],
        "bottom_text_position": [
            30,
            450
        ]
    },
    {
        "name": "Hide the Pain Harold",
        "file": "Hide_the_Pain_Harold.jpg",
        "top_text_position": [
            30,
            50
        ],
        "bottom_text_position": [
            30,
            450
        ]
    },
    {
        "name": "Inhaling Seagull",
        "file": "Inhaling_Seagull.jpg",
        "top_text_position": [
            30,
            50
        ],
        "bottom_text_position": [
            30,
            450
        ]
    },
    {
        "name": "Is This A Pigeon",
        "file": "Is_This_A_Pigeon.jpg",
        "top_text_position": [
            30,
            50
        ],
        "bottom_text_position": [
            30,
            450
        ]
    },
    {
        "name": "is this butterfly",
        "file": "is_this_butterfly.jpg",
        "top_text_position": [
            30,
            50
        ],
        "bottom_text_position": [
            30,
            450
        ]
    },
    {
        "name": "I Bet He's Thinking About Other Women",
        "file": "I_Bet_He's_Thinking_About_Other_Women.jpg",
        "top_text_position": [
            30,
            50
        ],
        "bottom_text_position": [
            30,
            450
        ]
    },
    {
        "name": "Laughing Leo",
        "file": "Laughing_Leo.jpg",
        "top_text_position": [
            30,
            50
        ],
        "bottom_text_position": [
            30,
            450
        ]
    },
    {
        "name": "Left Exit 12 Off Ramp",
        "file": "Left_Exit_12_Off_Ramp.jpg",
        "top_text_position": [
            30,
            50
        ],
        "bottom_text_position": [
            30,
            450
        ]
    },
    {
        "name": "Leonardo Dicaprio Cheers",
        "file": "Leonardo_Dicaprio_Cheers.jpg",
        "top_text_position": [
            30,
            50
        ],
        "bottom_text_position": [
            30,
            450
        ]
    },
    {
        "name": "Look At Me",
        "file": "Look_At_Me.jpg",
        "top_text_position": [
            30,
            50
        ],
        "bottom_text_position": [
            30,
            450
        ]
    },
    {
        "name": "Marked Safe From",
        "file": "Marked_Safe_From.jpg",
        "top_text_position": [
            30,
            50
        ],
        "bottom_text_position": [
            30,
            450
        ]
    },
    {
        "name": "Megamind no bitches",
        "file": "Megamind_no_bitches.jpg",
        "top_text_position": [
            30,
            50
        ],
        "bottom_text_position": [
            30,
            450
        ]
    },
    {
        "name": "Megamind peeking",
        "file": "Megamind_peeking.jpg",
        "top_text_position": [
            30,
            50
        ],
        "bottom_text_position": [
            30,
            450
        ]
    },
    {
        "name": "Mocking Spongebob",
        "file": "Mocking_Spongebob.jpg",
        "top_text_position": [
            30,
            50
        ],
        "bottom_text_position": [
            30,
            450
        ]
    },
    {
        "name": "Monkey Puppet",
        "file": "Monkey_Puppet.jpg",
        "top_text_position": [
            30,
            50
        ],
        "bottom_text_position": [
            30,
            450
        ]
    },
    {
        "name": "Mother Ignoring Kid Drowning In A Pool",
        "file": "Mother_Ignoring_Kid_Drowning_In_A_Pool.jpg",
        "top_text_position": [
            30,
            50
        ],
        "bottom_text_position": [
            30,
            450
        ]
    },
    {
        "name": "One Does Not Simply",
        "file": "One_Does_Not_Simply.jpg",
        "top_text_position": [
            30,
            50
        ],
        "bottom_text_position": [
            30,
            450
        ]
    },
    {
        "name": "Oprah You Get A",
        "file": "Oprah_You_Get_A.jpg",
        "top_text_position": [
            30,
            50
        ],
        "bottom_text_position": [
            30,
            450
        ]
    },
    {
        "name": "Panik Kalm Panik",
        "file": "Panik_Kalm_Panik.jpg",
        "top_text_position": [
            30,
            50
        ],
        "bottom_text_position": [
            30,
            450
        ]
    },
    {
        "name": "Pawn Stars Best I Can Do",
        "file": "Pawn_Stars_Best_I_Can_Do.jpg",
        "top_text_position": [
            30,
            50
        ],
        "bottom_text_position": [
            30,
            450
        ]
    },
    {
        "name": "Roll Safe Think About It",
        "file": "Roll_Safe_Think_About_It.jpg",
        "top_text_position": [
            30,
            50
        ],
        "bottom_text_position": [
            30,
            450
        ]
    },
    {
        "name": "Running Away Balloon",
        "file": "Running_Away_Balloon.jpg",
        "top_text_position": [
            30,
            50
        ],
        "bottom_text_position": [
            30,
            450
        ]
    },
    {
        "name": "Sad Pablo Escobar",
        "file": "Sad_Pablo_Escobar.jpg",
        "top_text_position": [
            30,
            50
        ],
        "bottom_text_position": [
            30,
            450
        ]
    },
    {
        "name": "say the line bart! simpsons",
        "file": "say_the_line_bart!_simpsons.jpg",
        "top_text_position": [
            30,
            50
        ],
        "bottom_text_position": [
            30,
            450
        ]
    },
    {
        "name": "Scooby doo mask reveal",
        "file": "Scooby_doo_mask_reveal.jpg",
        "top_text_position": [
            30,
            50
        ],
        "bottom_text_position": [
            30,
            450
        ]
    },
    {
        "name": "Sleeping Shaq",
        "file": "Sleeping_Shaq.jpg",
        "top_text_position": [
            30,
            50
        ],
        "bottom_text_position": [
            30,
            450
        ]
    },
    {
        "name": "Soldier protecting sleeping child",
        "file": "Soldier_protecting_sleeping_child.jpg",
        "top_text_position": [
            30,
            50
        ],
        "bottom_text_position": [
            30,
            450
        ]
    },
    {
        "name": "spiderman pointing at spiderman",
        "file": "spiderman_pointing_at_spiderman.jpg",
        "top_text_position": [
            30,
            50
        ],
        "bottom_text_position": [
            30,
            450
        ]
    },
    {
        "name": "Spider Man Triple",
        "file": "Spider_Man_Triple.jpg",
        "top_text_position": [
            30,
            50
        ],
        "bottom_text_position": [
            30,
            450
        ]
    },
    {
        "name": "Spongebob Ight Imma Head Out",
        "file": "Spongebob_Ight_Imma_Head_Out.jpg",
        "top_text_position": [
            30,
            50
        ],
        "bottom_text_position": [
            30,
            450
        ]
    },
    {
        "name": "Squidward window",
        "file": "Squidward_window.jpg",
        "top_text_position": [
            30,
            50
        ],
        "bottom_text_position": [
            30,
            450
        ]
    },
    {
        "name": "Squid Game",
        "file": "Squid_Game.jpg",
        "top_text_position": [
            30,
            50
        ],
        "bottom_text_position": [
            30,
            450
        ]
    },
    {
        "name": "Star Wars Yoda",
        "file": "Star_Wars_Yoda.jpg",
        "top_text_position": [
            30,
            50
        ],
        "bottom_text_position": [
            30,
            450
        ]
    },
    {
        "name": "Success Kid",
        "file": "Success_Kid.jpg",
        "top_text_position": [
            30,
            50
        ],
        "bottom_text_position": [
            30,
            450
        ]
    },
    {
        "name": "Surprised Pikachu",
        "file": "Surprised_Pikachu.jpg",
        "top_text_position": [
            30,
            50
        ],
        "bottom_text_position": [
            30,
            450
        ]
    },
    {
        "name": "They're The Same Picture",
        "file": "They're_The_Same_Picture.jpg",
        "top_text_position": [
            30,
            50
        ],
        "bottom_text_position": [
            30,
            450
        ]
    },
    {
        "name": "They don't know",
        "file": "They_don't_know.jpg",
        "top_text_position": [
            30,
            50
        ],
        "bottom_text_position": [
            30,
            450
        ]
    },
    {
        "name": "The Most Interesting Man In The World",
        "file": "The_Most_Interesting_Man_In_The_World.jpg",
        "top_text_position": [
            30,
            50
        ],
        "bottom_text_position": [
            30,
            450
        ]
    },
    {
        "name": "The Rock Driving",
        "file": "The_Rock_Driving.jpg",
        "top_text_position": [
            30,
            50
        ],
        "bottom_text_position": [
            30,
            450
        ]
    },
    {
        "name": "The Scroll Of Truth",
        "file": "The_Scroll_Of_Truth.jpg",
        "top_text_position": [
            30,
            50
        ],
        "bottom_text_position": [
            30,
            450
        ]
    },
    {
        "name": "Third World Skeptical Kid",
        "file": "Third_World_Skeptical_Kid.jpg",
        "top_text_position": [
            30,
            50
        ],
        "bottom_text_position": [
            30,
            450
        ]
    },
    {
        "name": "This Is Fine",
        "file": "This_Is_Fine.jpg",
        "top_text_position": [
            30,
            50
        ],
        "bottom_text_position": [
            30,
            450
        ]
    },
    {
        "name": "This Is Where I'd Put My Trophy If I Had One",
        "file": "This_Is_Where_I'd_Put_My_Trophy_If_I_Had_One.jpg",
        "top_text_position": [
            30,
            50
        ],
        "bottom_text_position": [
            30,
            450
        ]
    },
    {
        "name": "Three-headed Dragon",
        "file": "Three-headed_Dragon.jpg",
        "top_text_position": [
            30,
            50
        ],
        "bottom_text_position": [
            30,
            450
        ]
    },
    {
        "name": "Trade Offer",
        "file": "Trade_Offer.jpg",
        "top_text_position": [
            30,
            50
        ],
        "bottom_text_position": [
            30,
            450
        ]
    },
    {
        "name": "Trump Bill Signing",
        "file": "Trump_Bill_Signing.jpg",
        "top_text_position": [
            30,
            50
        ],
        "bottom_text_position": [
            30,
            450
        ]
    },
    {
        "name": "Tuxedo Winnie The Pooh",
        "file": "Tuxedo_Winnie_The_Pooh.jpg",
        "top_text_position": [
            30,
            50
        ],
        "bottom_text_position": [
            30,
            450
        ]
    },
    {
        "name": "Two Buttons",
        "file": "Two_Buttons.jpg",
        "top_text_position": [
            30,
            50
        ],
        "bottom_text_position": [
            30,
            450
        ]
    },
    {
        "name": "Two guys on a bus",
        "file": "Two_guys_on_a_bus.jpg",
        "top_text_position": [
            30,
            50
        ],
        "bottom_text_position": [
            30,
            450
        ]
    },
    {
        "name": "Types of Headaches meme",
        "file": "Types_of_Headaches_meme.jpg",
        "top_text_position": [
            30,
            50
        ],
        "bottom_text_position": [
            30,
            450
        ]
    },
    {
        "name": "UNO Draw 25 Cards",
        "file": "UNO_Draw_25_Cards.jpg",
        "top_text_position": [
            30,
            50
        ],
        "bottom_text_position": [
            30,
            450
        ]
    },
    {
        "name": "Unsettled Tom",
        "file": "Unsettled_Tom.jpg",
        "top_text_position": [
            30,
            50
        ],
        "bottom_text_position": [
            30,
            450
        ]
    },
    {
        "name": "Valentine's Day Card Meme",
        "file": "Valentine's_Day_Card_Meme.jpg",
        "top_text_position": [
            30,
            50
        ],
        "bottom_text_position": [
            30,
            450
        ]
    },
    {
        "name": "Waiting Skeleton",
        "file": "Waiting_Skeleton.jpg",
        "top_text_position": [
            30,
            50
        ],
        "bottom_text_position": [
            30,
            450
        ]
    },
    {
        "name": "where monkey",
        "file": "where_monkey.jpg",
        "top_text_position": [
            30,
            50
        ],
        "bottom_text_position": [
            30,
            450
        ]
    },
    {
        "name": "Whisper and Goosebumps",
        "file": "Whisper_and_Goosebumps.jpg",
        "top_text_position": [
            30,
            50
        ],
        "bottom_text_position": [
            30,
            450
        ]
    },
    {
        "name": "Who Killed Hannibal",
        "file": "Who_Killed_Hannibal.jpg",
        "top_text_position": [
            30,
            50
        ],
        "bottom_text_position": [
            30,
            450
        ]
    },
    {
        "name": "Woman Yelling At Cat",
        "file": "Woman_Yelling_At_Cat.jpg",
        "top_text_position": [
            30,
            50
        ],
        "bottom_text_position": [
            30,
            450
        ]
    },
    {
        "name": "X, X Everywhere",
        "file": "X,_X_Everywhere.jpg",
        "top_text_position": [
            30,
            50
        ],
        "bottom_text_position": [
            30,
            450
        ]
    },
    {
        "name": "Y'all Got Any More Of That",
        "file": "Y'all_Got_Any_More_Of_That.jpg",
        "top_text_position": [
            30,
            50
        ],
        "bottom_text_position": [
            30,
            450
        ]
    },
    {
        "name": "You Guys are Getting Paid",
        "file": "You_Guys_are_Getting_Paid.jpg",
        "top_text_position": [
            30,
            50
        ],
        "bottom_text_position": [
            30,
            450
        ]
    }
]